S1A_IW_SLC__1SDV_20170611T010445_20170611T010512_016979_01C44B_1B1D,https://scihub.copernicus.eu/dhus/odata/v1/Products('26ecbf1f-6be6-483d-afa3-5ac0b17a8fef')
S1A_IW_SLC__1SDV_20170530T010445_20170530T010511_016804_01BEDD_9EDF,https://scihub.copernicus.eu/dhus/odata/v1/Products('7af1329f-a1d9-4c37-9b77-7cc47c81e923')
S1A_IW_SLC__1SDV_20170518T010444_20170518T010511_016629_01B97A_C7CE,https://scihub.copernicus.eu/dhus/odata/v1/Products('08f61868-5452-4ae3-887d-677135eb42b0')
S1A_IW_SLC__1SDV_20170506T010443_20170506T010510_016454_01B422_27CB,https://scihub.copernicus.eu/dhus/odata/v1/Products('3f3ca68f-f077-429e-a623-f4ff878d595d')
S1A_IW_SLC__1SDV_20170424T010443_20170424T010510_016279_01AEDD_F50D,https://scihub.copernicus.eu/dhus/odata/v1/Products('e64afcca-c6de-46eb-9895-81330515ba0d')
S1A_IW_SLC__1SDV_20170412T010442_20170412T010509_016104_01A980_2E8D,https://scihub.copernicus.eu/dhus/odata/v1/Products('7015de03-a40e-431a-9edf-1bfe5fe7fcd9')
S1A_IW_SLC__1SDV_20170331T010442_20170331T010509_015929_01A432_0E0B,https://scihub.copernicus.eu/dhus/odata/v1/Products('e1399cc4-e49f-4e1c-aa69-e726c65183ee')
S1A_IW_SLC__1SDV_20170319T010441_20170319T010508_015754_019EFF_31A8,https://scihub.copernicus.eu/dhus/odata/v1/Products('7ffe8cec-1ce5-4dee-ab97-aab9790563c9')
S1A_IW_SLC__1SDV_20170223T010441_20170223T010508_015404_019482_82B2,https://scihub.copernicus.eu/dhus/odata/v1/Products('13caa7f0-9e0f-418a-9bc8-19e14b7b59a5')
S1B_IW_SLC__1SSV_20170205T010359_20170205T010426_004158_007322_95F8,https://scihub.copernicus.eu/dhus/odata/v1/Products('064e84e5-1884-4e1f-85ca-383216fb66c6')
S1B_IW_SLC__1SSV_20170112T010400_20170112T010427_003808_0068C2_CEEE,https://scihub.copernicus.eu/dhus/odata/v1/Products('26881aa4-8b10-440d-9ba0-aa842e57a280')
S1B_IW_SLC__1SSV_20161219T010402_20161219T010429_003458_005E89_89E7,https://scihub.copernicus.eu/dhus/odata/v1/Products('a5d3386b-b1db-4bf3-9d22-56fd0c768d22')
S1B_IW_SLC__1SSV_20161125T010403_20161125T010429_003108_005491_ECEE,https://scihub.copernicus.eu/dhus/odata/v1/Products('67ab30ab-ff61-41ee-a374-58be8f2a18f4')
S1B_IW_SLC__1SSV_20161101T010403_20161101T010430_002758_004AB5_466A,https://scihub.copernicus.eu/dhus/odata/v1/Products('b33d2da3-e36e-49da-b48b-e047f79e9e1d')
S1B_IW_SLC__1SSV_20161008T010403_20161008T010430_002408_004116_5F15,https://scihub.copernicus.eu/dhus/odata/v1/Products('12ed9a60-c481-4ead-b5d1-d012cc481306')
S1A_IW_SLC__1SSV_20160920T010445_20160920T010512_013129_014DA2_6BEE,https://scihub.copernicus.eu/dhus/odata/v1/Products('ebad96f2-7712-4a8c-8a1b-241c42503d0e')
S1A_IW_SLC__1SSV_20160827T010444_20160827T010511_012779_014228_EC3A,https://scihub.copernicus.eu/dhus/odata/v1/Products('834f5fd5-0e64-41ed-878b-1785c1aba600')
S1A_IW_SLC__1SSV_20160803T010443_20160803T010510_012429_013677_5F73,https://scihub.copernicus.eu/dhus/odata/v1/Products('681cc454-2347-4c76-a9c9-c214f76b542f')
S1A_IW_SLC__1SSV_20160710T010441_20160710T010508_012079_012AFF_BC28,https://scihub.copernicus.eu/dhus/odata/v1/Products('09d52844-8268-4968-aafd-f2053f21b31d')
S1A_IW_SLC__1SSV_20160616T010440_20160616T010507_011729_011FC6_DD65,https://scihub.copernicus.eu/dhus/odata/v1/Products('6738a13b-517d-4b86-898a-e50ff3f2372d')
S1A_IW_SLC__1SSV_20160523T010439_20160523T010506_011379_0114A2_CFE7,https://scihub.copernicus.eu/dhus/odata/v1/Products('15034095-c2b7-4bb8-b673-0ffff3121987')
S1A_IW_SLC__1SSV_20160429T010437_20160429T010504_011029_010965_4231,https://scihub.copernicus.eu/dhus/odata/v1/Products('ff47d756-6bd0-4287-ab22-043211e15cb3')
S1A_IW_SLC__1SSV_20160405T010436_20160405T010503_010679_00FEAE_40B9,https://scihub.copernicus.eu/dhus/odata/v1/Products('75c6cfec-dd32-4767-a84d-3accb44e252f')
S1A_IW_SLC__1SSV_20160312T010436_20160312T010502_010329_00F4B4_CADE,https://scihub.copernicus.eu/dhus/odata/v1/Products('b03685f7-a2a8-433e-a7a3-f0b39c078a51')
S1A_IW_SLC__1SSV_20160217T010435_20160217T010502_009979_00EAA6_1B3B,https://scihub.copernicus.eu/dhus/odata/v1/Products('ca1b8d09-3853-4523-905d-bb30fccc89a3')
S1A_IW_SLC__1SSV_20160124T010436_20160124T010503_009629_00E074_8A6D,https://scihub.copernicus.eu/dhus/odata/v1/Products('38ca494c-058a-4602-bc08-bde2d3d83098')
S1A_IW_SLC__1SSV_20151231T010437_20151231T010504_009279_00D659_AAFD,https://scihub.copernicus.eu/dhus/odata/v1/Products('152ab5a4-28e0-47b8-b720-622ee5d46cc5')
S1A_IW_SLC__1SSV_20151207T010438_20151207T010505_008929_00CC87_1620,https://scihub.copernicus.eu/dhus/odata/v1/Products('67f92599-821b-4857-9078-294df666e465')
S1A_IW_SLC__1SSV_20151113T010438_20151113T010505_008579_00C2AB_17F6,https://scihub.copernicus.eu/dhus/odata/v1/Products('41822912-3da2-4c94-932d-b1b159db410b')
S1A_IW_SLC__1SSV_20150926T010444_20150926T010511_007879_00AFD2_6B99,https://scihub.copernicus.eu/dhus/odata/v1/Products('397a7f3c-d8f4-4dc3-a5d3-8046d9d131b1')
S1A_IW_SLC__1SSV_20150821T010426_20150821T010453_007354_00A1A4_810C,https://scihub.copernicus.eu/dhus/odata/v1/Products('cacf0402-7ebb-4bb8-aad1-5a20aef6bca5')
S1A_IW_SLC__1SSV_20150728T010425_20150728T010452_007004_009829_0190,https://scihub.copernicus.eu/dhus/odata/v1/Products('429f653d-5a43-4127-9ed1-93a09c2cf593')
S1A_IW_SLC__1SSV_20150704T010423_20150704T010450_006654_008E26_54EE,https://scihub.copernicus.eu/dhus/odata/v1/Products('9815af61-9011-4081-8517-e7e9f4627595')
S1A_IW_SLC__1SSV_20150610T010423_20150610T010450_006304_00846E_1434,https://scihub.copernicus.eu/dhus/odata/v1/Products('5ecb824e-a05e-49d4-ba90-21b2242e15b0')
S1A_IW_SLC__1SSV_20150517T010421_20150517T010448_005954_007AC5_BC31,https://scihub.copernicus.eu/dhus/odata/v1/Products('7e27ba5d-cba1-4a9c-bf6a-69df0b486eaf')
